title,detail,date,retrieved_date
"
ทำความรู้จัก ‘เอเชี่ยน อะไลอันซ์ อินเตอร์เนชั่นแนล (AAI)’ เจ้าของธุรกิจผลิตอาหารสัตว์เลี้ยงแบบเปียกรายใหญ่ของไทย ","
บมจ.เอเชี่ยน อะไลอันซ์ อินเตอร์เนชั่นแนล (AAI) ผู้ผลิตและจำหน่ายผลิตภัณฑ์อาหารสัตว์เลี้ยง และผลิตภัณฑ์อาหารพร้อมทานชั้นนำของประเทศ กำลังจะเข้าซื้อขายในตลาดหลักทรัพย์แห่งประเทศไทย (SET) ในเดือนพฤศจิกายนนี้ ด้วยความโดดเด่นของโมเดลธุรกิจอาหารสัตว์เลี้ยงแบบเปียกรายใหญ่ของไทย พร้อมกับวางโรดแมปการเติบโตระยะยาวด้วยการพัฒนาทุกผลิตภัณฑ์ เพื่อให้ตรงโจทย์ผู้บ...
","

17 ตุลาคม 2022 ",11/15/2022
"
เทียบฟอร์ม ‘AAI และ ITC’ หุ้นน้องใหม่ที่อยู่ในสายธุรกิจอาหารสัตว์เลี้ยง ที่กำลังเข้าตลาดหุ้นไทยเร็วๆ นี้ ","
บมจ.เอเชี่ยน อะไลอันซ์ อินเตอร์เนชั่นแนล หรือ AAI และ บมจ.ไอ-เทล คอร์ปอเรชั่น หรือ ITC ถือเป็น 2 หุ้น IPO น้องใหม่ที่ Spin-Off ออกมาจากบริษัทแม่ และกำลังจะเข้าซื้อขายในตลาดหลักทรัพย์แห่งประเทศไทยเร็วๆ นี้ 
 
โดย AAI ประกอบธุรกิจผลิตและจำหน่ายผลิตภัณฑ์อาหารสัตว์เลี้ยง ผลิตภัณฑ์อาหารพร้อมรับประทาน ภายใต้แบรนด์ Monchou, Hajiko และ Pro ...
","

12 ตุลาคม 2022 ",11/15/2022
"
i-Tail คนไทยผู้ผลิตอาหารสัตว์เลี้ยงอันดับ 2 ของเอเชีย ","
คุณรู้หรือไม่ว่าหนึ่งในวัตถุดิบสำคัญของอาหารสัตว์ก็คือทูน่า โดยเฉพาะส่วนเนื้อสีคล้ำที่หลายคนมองว่าไม่มีประโยชน์ แต่แท้จริงแล้วเป็นขุมทรัพย์ที่อุดมไปด้วยคุณค่าทางโภชนาการ และนับเป็นโชคดีของประเทศไทยที่ผู้ประกอบการสามารถมองเห็นโอกาส เปลี่ยนวัตถุดิบล้ำค่าที่คนไม่สนใจให้กลายเป็นอาหารสัตว์เลี้ยงคุณภาพ ผลักให้ไทยเติบโตเป็นผู้ส่งออกอาหารสัตว์เลี้ยงได้เป็น...
","

5 ตุลาคม 2022 ",11/15/2022
"
‘ไอ-เทล คอร์ปอเรชั่น’ เตรียมขายหุ้น IPO ระดมทุนขยายธุรกิจอาหารสัตว์เลี้ยง ","
สำนักงานคณะกรรมการกำกับหลักทรัพย์และตลาดหลักทรัพย์ (ก.ล.ต.) นับหนึ่งแบบคำขออนุญาตเสนอขายหลักทรัพย์ และแบบไฟลิ่งของ บมจ.ไอ-เทล คอร์ปอเรชั่น หรือ ITC ผู้ผลิตและจำหน่ายอาหารสัตว์เลี้ยงของกลุ่มไทยยูเนี่ยน ในวันนี้ (19 กันยายน) 
 
สมภพ กีระสุนทรพงษ์ กรรมการผู้อำนวยการ บล.ฟินันเซีย ไซรัส ในฐานะที่ปรึกษาทางการเงินของ ITC กล่าวว่า บริษัท IT...
","

19 กันยายน 2022 ",11/15/2022
"
‘AAI’ ผู้นำด้านธุรกิจอาหารสัตว์เลี้ยงของไทย พร้อมแล้วที่จะ Spin Off เพื่อมาคว้าโอกาสเติบโตกับเทรนด์ Pet Humanization  ","
เอเชี่ยน อะไลอันซ์ อินเตอร์เนชั่นแนล หรือ AAI ผู้ผลิตและจำหน่ายผลิตภัณฑ์อาหารสัตว์เลี้ยง (Pet Food) และผลิตภัณฑ์อาหารพร้อมทานบรรจุภาชนะปิดผนึก (Human Food) ประกาศยกระดับองค์กร (Level Up) ด้วย 4 กลยุทธ์หลัก เพื่อเพิ่มศักยภาพในการเติบโต รองรับเทรนด์ Pet Humanization
 
หลังจากวิกฤตโควิดเริ่มคลี่คลาย หลายประเทศทั่วโลกได้เกิด ‘วัฒนธรรมใหม่ แล...
","

5 กันยายน 2022 ",11/15/2022
"
TU ส่งแฟลกชิปอาหารสัตว์เลี้ยง ‘ไอ-เทล คอร์ปอเรชั่น’ เข้าตลาดหุ้นไทย ระดมทุนต่อยอดสู่ตลาดโลก ","
ไอ-เทล คอร์ปอเรชั่น หรือ ITC เตรียมเสนอขายหุ้น IPO จำนวน 660 ล้านบาท เพื่อเดินหน้าเข้าจดทะเบียนในตลาดหลักทรัพย์ หวังระดมทุนต่อยอดธุรกิจอาหารสัตว์เลี้ยงระดับโลก 
 
บมจ.ไอ-เทล คอร์ปอเรชั่น จำกัด (มหาชน) หรือ ITC บริษัทแฟล็กชิพของ บมจ.ไทยยูเนี่ยนกรุ๊ป หรือ TU ด้านผลิตภัณฑ์อาหารสัตว์เลี้ยงระดับโลก ได้ยื่นแบบแสดงรายการข้อมูล (ไฟลิ่ง) ต่อ...
","

6 กรกฎาคม 2022 ",11/15/2022
"
‘ไทยยูเนี่ยน กรุ๊ป’ รับกำไรไตรมาสแรก 1.8 พันล้าน โต 77% จากอาหารทะเลแช่แข็ง อาหารสัตว์เลี้ยง และผลิตภัณฑ์เพิ่มมูลค่า ","
‘ไทยยูเนี่ยน กรุ๊ป’ โชว์ผลงานไตรมาสแรก 1,803 ล้านบาท โต 77% จากธุรกิจอาหารทะเลแช่แข็ง ผลิตภัณฑ์อาหารสัตว์เลี้ยง และผลิตภัณฑ์เพิ่มมูลค่า ขณะที่ยอดขายคงที่อยู่ที่ระดับ 31,125 ล้านบาท เพิ่มขึ้นเพียง 0.1% เมื่อเทียบกับปีก่อนหน้า ผลกำไรสุทธิเพิ่มขึ้นจากธุรกิจอาหารทะเลแช่แข็งฟื้นตัว โดยเฉพาะในตลาดสหรัฐอเมริกา และธุรกิจผลิตภัณฑ์อาหารสัตว์เลี้ยงและผลิตภัณฑ...
","

10 พฤษภาคม 2021 ",11/15/2022
"
‘ไทยยูเนี่ยน กรุ๊ป’ โชว์กำไรไตรมาส 4 โต 37.9% อานิสงส์ธุรกิจอาหารทะเลแปรรูปและอาหารสัตว์เลี้ยง ","
บมจ.ไทยยูเนี่ยน กรุ๊ป (TU) เปิดเผยผลประกอบการปี 2563 แข็งแกร่ง จากความเชื่อมั่นของผู้บริโภคที่ใส่ใจในไลฟ์สไตล์เพื่อสุขภาพมากขึ้น โดยในไตรมาสที่ 4 บริษัทมีผลกำไรจากการดำเนินงาน 1,938 ล้านบาท เพิ่มขึ้น 26.1% และกำไรสุทธิ 1,457 ล้านบาท เพิ่มขึ้น 37.9% จากธุรกิจอาหารทะเลแปรรูปบรรจุกระป๋อง ผลิตภัณฑ์อาหารสัตว์เลี้ยง และผลิตภัณฑ์เพิ่มมูลค่า
 
ผ...
","

22 กุมภาพันธ์ 2021 ",11/15/2022
"
มหกรรมช้อปปิ้งวันคนโสดเริ่มแผ่ว คาดปี 2022 ลดลง 50% เหตุผู้บริโภคไม่มีอารมณ์จับจ่าย ‘Alibaba’ ถูกคู่แข่งดูดร้านค้าและลูกค้าไปทีละนิด ","
มหกรรมช้อปปิ้งวันคนโสดเริ่มแผ่ว คาดปี 2022 ยอดขายลดลง 50% เหตุผู้บริโภคไม่มีอารมณ์จับจ่าย หลังเจอพิษโควิด-เศรษฐกิจรุมเร้า ฝั่ง Alibaba ตกที่นั่งลำบาก ถูกคู่แข่งดูดร้านค้าและลูกค้าไปทีละนิด 
 
Nikkei Asia รายงานว่า ใกล้เข้าสู่มหกรรมช้อปปิ้งวันคนโสด (Singles' Day) หรือเรียกสั้นๆ ว่า 11.11 (วันที่ 11 เดือนพฤศจิกายน) โดย Alibaba เป็นผู้...
","

11 พฤศจิกายน 2022 ",11/15/2022
"
‘เบทาโกร’ เทรดวันแรกรูด ‘ต่ำจอง’ เปิดตลาดร่วง 0.62% ","
บมจ.เบทาโกร หรือ BTG บริษัทอาหารชั้นนำระดับสากล เข้าซื้อขายในตลาดหลักทรัพย์แห่งประเทศไทยในกลุ่มเกษตรและอุตสาหกรรมอาหาร หมวดอาหารและเครื่องดื่ม ในวันนี้ (2 พฤศจิกายน) และครองตำแหน่งหุ้น IPO หมวดอาหารและเครื่องดื่มที่มีมูลค่าเสนอขายสูงที่สุดในตลาดทุนไทยและในภูมิภาคเอเชียตะวันออกเฉียงใต้ในปีนี้ ด้วยมูลค่าระดมทุน 17,392 ล้านบาท โดยมีมูลค่าหลักทรัพย์ ณ ...
","

2 พฤศจิกายน 2022 ",11/15/2022
"
หุ้น ‘AAI’ เข้าซื้อขายในตลาดหลักทรัพย์ฯ วันแรก ราคาพุ่ง 42.34% จาก IPO ","
หุ้นเอเชี่ยน อะไลอันซ์ อินเตอร์เนชั่นแนล หรือ AAI เข้าซื้อขายในตลาดหลักทรัพย์แห่งประเทศไทย (SET) วันแรก ได้รับความสนใจจากนักลงทุนอย่างมาก โดยราคาเปิดการซื้อขายที่ 7.90 บาท จากราคา IPO ที่ 5.55 บาท เพิ่มขึ้น 2.35 บาท หรือ 42.34% มูลค่าการซื้อขาย 2,921.16 ล้านบาท 
 
บมจ.เอเชี่ยน อะไลอันซ์ อินเตอร์เนชั่นแนล หรือ AAI ดำเนินธุรกิจผลิตและ...
","

1 พฤศจิกายน 2022 ",11/15/2022
"
10 อันดับตลาดส่งออกสินค้าไทยที่ขยายตัวสูงสุดในเดือน ก.ย. 65 ","
กระทรวงพาณิชย์เปิดเผยสถิติการค้าระหว่างประเทศประจำเดือนกันยายน 2565 พบว่าตัวเลขการส่งออกไทยขยายตัวได้ 7.8% คิดเป็นมูลค่ารวม 2.49 หมื่นล้านดอลลาร์ หรือ 8.88 แสนล้านบาท ส่งผลให้ตัวเลขการส่งออกช่วง 9 เดือนแรกของปี 2565 ขยายตัวได้ 10.6% คิดเป็นมูลค่า 2.21 แสนล้านดอลลาร์ หรือ 7.52 ล้านล้านบาท
 
โดยตลาดที่ขยายตัวสูงสุด 10 อันดับแรก ประกอบด้วย...
","

26 ตุลาคม 2022 ",11/15/2022
"
กระทรวงพาณิชย์ เผย ส่งออกเดือน ก.ย. ขยายตัว 7.8% มั่นใจภาพรวมทั้งปียังโตทะลุเป้าที่ 8% ","
กระทรวงพาณิชย์ เผยตัวเลขการส่งออกเดือนกันยายนขยายตัวที่ 7.8% ขณะที่ภาพรวมการส่งออก 9 เดือนแรกโต 10.6% มั่นใจทั้งปียังโตได้ 8% สูงกว่าเป้าหนึ่งเท่าตัว
 
จุรินทร์ ลักษณวิศิษฏ์ รองนายกรัฐมนตรีและรัฐมนตรีว่าการกระทรวงพาณิชย์ แถลงข่าวภาวะการค้าระหว่างประเทศเดือนกันยายน 2565 พบว่า ตัวเลขการส่งออกขยายตัวได้ 7.8% คิดเป็นมูลค่ารวม 2.49 หมื่นล้านด...
","

26 ตุลาคม 2022 ",11/15/2022
"
คาดมีร้านอาหาร Premium เปิดใหม่ปี 2565 มากกว่า 400 ร้าน พบ Affordable Luxury มาแรง เพราะให้ประสบการณ์ความหรูหรา แต่ยังมีความคุ้มค่า ","
ร้านอาหารกลุ่ม Premium เช่น Fine Dining, Rooftop, Omakase ฯลฯ ซึ่งเป็นกลุ่มร้านที่เน้นประสบการณ์จากการไปนั่งรับประทานที่ร้าน เป็นหนึ่งในกลุ่มที่ต้องมีการปรับตัวค่อนข้างเยอะพอสมควรจากการระบาดของโรคโควิดที่กินเวลามาเกือบ 3 ปีแล้ว
 
โรคระบาดทำให้ร้านอาหารต้องเร่งปรับตัวเพื่อความอยู่รอดมากขึ้น ทั้งการสร้างช่องทางการขายใหม่ๆ นำร้านอาหารให้เข้...
","

20 ตุลาคม 2022 ",11/15/2022
"
‘เอเชี่ยน อะไลอันซ์ อินเตอร์เนชั่นแนล’ เปิดให้รายย่อยจองซื้อหุ้น IPO วันที่ 21 และ 25-26 ต.ค. 65 หลังเคาะราคาขาย 5.55 บาทต่อหุ้น พร้อมเข้าเทรด SET พ.ย. นี้ ","
บมจ.เอเชี่ยน อะไลอันซ์ อินเตอร์เนชั่นแนล หรือ AAI เคาะราคาเสนอขายหุ้น IPO ที่ 5.55 บาทต่อหุ้น โดยกำหนดวันให้นักลงทุนรายย่อยจองซื้อวันที่ 21 และ 25-26 ตุลาคม 2565 เตรียมพร้อมเข้าซื้อขายในตลาดหลักทรัพย์แห่งประเทศไทยภายในเดือนพฤศจิกายนนี้ ชูโมเดลธุรกิจอาหารสัตว์เลี้ยงแบบเปียกรายใหญ่ของไทย กางแผนการเติบโต เดินหน้าพัฒนาผลิตภัณฑ์รองรับดีมานด์ตลาดโลก
&...
","

12 ตุลาคม 2022 ",11/15/2022
"
AAI เคาะราคาขายหุ้น IPO ที่ 5.55 บาทต่อหุ้น เปิดทางผู้ถือหุ้น ASIAN จองซื้อ 17-21 ต.ค. นี้ ","
AAI กำหนดเคาะราคาสุดท้ายเสนอขายหุ้น IPO 5.55 บาทต่อหุ้น เตรียมโรดโชว์ข้อมูลบริษัทวันที่ 12 ตุลาคมนี้ โดยเปิดให้ผู้ถือหุ้น ASIAN จองซื้อวันที่ 17-21 ตุลาคมนี้
 
บมจ.เอเชี่ยนซี คอร์ปอเรชั่น หรือ ASIAN เปิดเผยว่า ตามที่บริษัทได้แจ้งความคืบหน้าของการออกและเสนอขายหุ้นสามัญต่อประชาชนทั่วไปเป็นครั้งแรกของ บมจ.เอเชี่ยน อะไลอันซ์ อินเตอร์เนชั่นแน...
","

10 ตุลาคม 2022 ",11/15/2022
"
ตลาดหุ้นน้องใหม่ไตรมาส 4 คึกคัก! 7 หุ้น IPO เตรียมเข้าเทรดในตลาดหลักทรัพย์ฯ เร็วๆ นี้ ","
THE STANDARD WEALTH ได้สำรวจหุ้น IPO น้องใหม่ที่กำลังเตรียมจะเข้าซื้อขายในตลาดหลักทรัพย์แห่งประเทศไทย และตลาดหลักทรัพย์ mai ภายในช่วงไตรมาส 4/65 โดยพบว่ามีหุ้น IPO ที่เตรียมเข้าซื้อขายในตลาดหลักทรัพย์แห่งประเทศไทยและตลาดหลักทรัพย์ mai รวมทั้งสิ้น 7 บริษัท
 
โดย 5 หุ้น IPO น้องใหม่ที่เตรียมจะเข้าซื้อขายในตลาดหลักทรัพย์แห่งประเทศไทย ได้แก่...
","

5 ตุลาคม 2022 ",11/15/2022
"
เคาะแล้ว! เบทาโกร กำหนดราคาขายหุ้น IPO ที่ 40 บาท/หุ้น เตรียมโรดโชว์ 5 ต.ค. นี้ เพื่อกำหนดวันเปิดจองสำหรับรายย่อย ","
เบทาโกร หรือ BTG เคาะราคาขายหุ้น IPO ที่ 40 บาทต่อหุ้น ที่ระดับ P/E 21.9 เท่า เปิดให้กลุ่มผู้ถือหุ้นสามัญเดิมของบริษัท 10-17 ตุลาคม ส่วนนักลงทุนสถาบันจองซื้อ 20-25 ตุลาคมนี้ โดยวันที่ 5 ตุลาคม เบทาโกรจะจัดงานโรดโชว์ ซึ่งคาดว่าจะสรุปวันเปิดจองหุ้นสำหรับนักลงทุนทั่วไป
 
บมจ.เบทาโกร หรือ BTG เปิดเผยในหนังสือชี้ชวนผ่านตลาดหลักทรัพย์แห่งประเท...
","

4 ตุลาคม 2022 ",11/15/2022
"
เอเชี่ยนซี คอร์ปอเรชั่น เคาะจัดสรรหุ้น IPO บริษัทลูกแก่ผู้ถือหุ้น สัดส่วน 6.385 หุ้นเดิมต่อ 1 หุ้น IPO ","
บมจ.เอเชี่ยนซี คอร์ปอเรชั่น หรือ ASIAN แจ้งวันกำหนดรายชื่อผู้ถือหุ้น (Record Date) 19 กันยายนนี้ ที่มีสิทธิ์ได้รับการจัดสรรหุ้นสามัญเพิ่มทุนของ บมจ.เอเชี่ยน อะไลอันซ์ อินเตอร์เนชั่นแนล (AAI) ที่เสนอขายต่อประชาชนทั่วไปเป็นครั้งแรก โดยให้ Pre-emptive Right ในอัตราส่วน 6.385 หุ้นสามัญของบริษัทต่อ 1 หุ้นสามัญเพิ่มทุนของ AAI
 
เอกกมล ประสพผลส...
","

2 กันยายน 2022 ",11/15/2022
"
พาณิชย์เปิดสัมพันธ์การค้า บุกตลาดซาอุ ดันขายสินค้าไทยห้างชั้นนำ ตั้งเป้าขายได้กว่า 1 พันล้านใน 1 ปี ","
วานนี้ (28 สิงหาคม) ตามเวลาท้องถิ่น 15.00 น. ซาอุดีอาระเบีย (เวลาในประเทศไทย 19.00 น.) จุรินทร์ ลักษณวิศิษฏ์ รองนายกรัฐมนตรี และรัฐมนตรีว่าการกระทรวงพาณิชย์ เป็นประธานเปิดงานและเข้าร่วมกิจกรรมส่งเสริมการขายสินค้าไทยร่วมกับห้าง Manuel Market สาขา Park Avenue กรุงริยาด ประเทศซาอุดีอาระเบีย พร้อมด้วย คาลิด อัลดาร์วิช CEO ของห้าง Manuel Market, บุณยฤทธ...
","

29 สิงหาคม 2022 ",11/15/2022
"
‘พาณิชย์’ เผยส่งออกเดือน ก.ค. ขยายตัว 4.3% สั่งทูตพาณิชย์ทั่วโลกเร่งจัดกิจกรรมกระตุ้นใน 5 เดือนที่เหลือ มั่นใจทั้งปียังโตเกินเป้า ","
กระทรวงพาณิชย์เผยตัวเลข การส่งออก เดือนกรกฎาคมขยายตัวที่ 4.3% ขณะที่ภาพรวมการส่งออก 7 เดือนแรกโตได้ 11.5% สั่งทูตพาณิชย์ทั่วโลกเร่งจัดกิจกรรมกระตุ้นการส่งออก มั่นใจทั้งปียังโตได้เกินเป้าหมายที่ 4-5%
 
จุรินทร์ ลักษณวิศิษฏ์ รองนายกรัฐมนตรี และรัฐมนตรีว่าการกระทรวงพาณิชย์ แถลงข่าวภาวะการค้าระหว่างประเทศเดือนกรกฎาคม 2565 พบว่า ตัวเลขการส่งอ...
","

26 สิงหาคม 2022 ",11/15/2022
"
EIC เผย ส่งออกไทยเดือน มิ.ย. ขยายตัวต่อเนื่องเดือนที่ 16 ห่วงแนวโน้มชะลอตัวตามภาวะเศรษฐกิจโลก ","
EIC มูลค่าการส่งออกของไทยเดือนมิถุนายน 2022 อยู่ที่ 26,533 ล้านดอลลาร์สหรัฐ ขยายตัว 11.9% เมื่อเทียบกับช่วงเดียวกันปีก่อน (YoY) เร่งขึ้นจากเดือนพฤษภาคมที่ 10.5% และนับเป็นการขยายตัวต่อเนื่องติดต่อกันเป็นเดือนที่ 16 หากหักทองคำการส่งออกในเดือนนี้จะขยายตัวได้ 11.5% ชะลอตัวจากเดือนก่อนหน้าที่ 12.5%
 
ทั้งนี้ เมื่อพิจารณาการส่งออกเดือนมิถุนา...
","

28 กรกฎาคม 2022 ",11/15/2022
"
‘พาณิชย์’ เผย ส่งออก พ.ค. ขยายตัว 10.5% มั่นใจทั้งปีโตเกินเป้า 4-5% ","
กระทรวงพาณิชย์เผยตัวเลขการส่งออกเดือนพฤษภาคมยังโตต่อเนื่องที่ 10.5% ขณะที่ภาพรวมการส่งออก 5 เดือนแรกขยายตัวได้ 12.9% มั่นใจทั้งปีโตได้เกินเป้าหมายที่ 4-5%
 
จุรินทร์ ลักษณวิศิษฏ์ รองนายกรัฐมนตรี และรัฐมนตรีว่าการกระทรวงพาณิชย์ แถลงข่าวภาวะการค้าระหว่างประเทศเดือนพฤษภาคม 2565 พบว่า ตัวเลขการส่งออกขยายตัวได้ 10.5% คิดเป็นมูลค่ารวม 2.55 หมื...
","

1 กรกฎาคม 2022 ",11/15/2022
"
‘2 IPO ใหญ่’ ประกาศความพร้อมเข้าตลาดหุ้นไตรมาส 3 ‘เบทาโกร’ โชว์กำไรไตรมาสแรกปีนี้พุ่ง 149% ","
เบทาโกรโชว์กำไรสุทธิไตรมาส 1/65 เติบโต 149% อานิสงส์ยอดขายเพิ่ม ขณะที่ราคาขายพุ่ง เตรียมเดินหน้าขายหุ้น IPO และเข้าตลาดหุ้นตามแผนหลังยื่นไฟลิ่ง ก.ล.ต. เมื่อเดือนพฤษภาคมที่ผ่านมา ขณะที่เอสซีจี เคมิคอลส์ คาดเสนอขายหุ้น IPO ในไตรมาส 3 ปีนี้ หาก ก.ล.ต. อนุมัติไฟลิ่ง
 
วสิษฐ แต้ไพสิฐพงษ์ ประธานเจ้าหน้าที่บริหารและกรรมการผู้จัดการใหญ่ บมจ.เบทา...
","

7 มิถุนายน 2022 ",11/15/2022
"
หอการค้าฯ เผย ซาอุสนใจนำเข้าสินค้าและแรงงานไทยจำนวนมาก คาดมูลค่าการค้าระหว่างกันปีนี้พุ่งหลายหมื่นล้าน ","
หอการค้าฯ เผยซาอุดีอาระเบียสนใจร่วมทุนธุรกิจไทย พร้อมนำเข้าสินค้าและแรงงานไทยจำนวนมาก คาดมูลค่าการค้าปีนี้พุ่งหลายหมื่นล้าน แนะภาครัฐสนับสนุนข้อมูล พร้อมตั้งหน่วยประสานงานธุรกิจก่อนซาอุดีอาระเบียยกคณะเยือนไทยวันที่ 4-7 กรกฎาคมนี้
 
สนั่น อังอุบลกุล ประธานกรรมการหอการค้าไทยและสภาหอการค้าแห่งประเทศไทย เปิดเผยผลความคืบหน้าในการเจรจาธุรกิจแล...
","

27 พฤษภาคม 2022 ",11/15/2022
"
‘พาณิชย์’ เผยส่งออก เม.ย. ขยายตัว 9.9% 4 เดือนแรกโตแล้ว 13.7% ","
กระทรวงพาณิชย์เผยตัวเลขการส่งออกเดือนเมษายนยังโตต่อเนื่องที่ 9.9% ขณะที่ภาพรวมการส่งออก 4 เดือนแรกขยายตัวได้ 13.7% ชี้หลายประเทศระงับการส่งออกอาหารไร้ผลกระทบและเป็นโอกาสขยายตลาดของไทย
 
จุรินทร์ ลักษณวิศิษฏ์ รองนายกรัฐมนตรี และรัฐมนตรีว่าการกระทรวงพาณิชย์ แถลงข่าวภาวะการค้าระหว่างประเทศเดือนเมษายน 2565 พบว่าตัวเลขการส่งออกขยายตัวได้ 9.9%...
","

27 พฤษภาคม 2022 ",11/15/2022
"
TU รายงานกำไรสุทธิ 1Q65 สูงกว่าคาดเล็กน้อย เพราะมีรายได้ภาษี ","
เกิดอะไรขึ้น:
เมื่อวันที่ 9 พฤษภาคม 2565 บมจ.ไทยยูเนี่ยน กรุ๊ป (TU) รายงานกำไรสุทธิ 1Q65 ที่ 1.7 พันล้านบาท ลดลง 3%YoY และ 10%QoQ สูงกว่าคาดเล็กน้อย เพราะมีรายได้ภาษี 188 ล้านบาท (เทียบกับค่าใช้จ่ายภาษี 252 ล้านบาทใน 1Q64) ซึ่งเกิดจากเครดิตภาษีจากส่วนแบ่งขาดทุนที่ Red Lobster และธุรกิจผลิตภัณฑ์อาหารทะเลแช่แข็งในสหรัฐฯ และค่าใช้จ่ายภาษีที่ลดลงจากกา...
","

10 พฤษภาคม 2022 ",11/15/2022
"
‘เบทาโกร’ จ่อขาย IPO เข้าตลาดหลักทรัพย์ ระดมทุนสร้างฟาร์มและโรงงานใหม่ โดยใช้ชื่อย่อ BTG ","
เบทาโกร ยื่นไฟลิ่งเตรียมเสนอขายหุ้น IPO จำนวน 500 ล้านหุ้น เพื่อเข้าจดทะเบียนในตลาดหลักทรัพย์แห่งประเทศไทย (SET) หวังนำเงินระดมทุนซื้อหรือสร้างฟาร์มและโรงงานแห่งใหม่ รวมถึงชำระคืนเงินกู้ 
 
บมจ.เบทาโกร หรือ BTG ยื่นแบบแสดงรายการข้อมูลและร่างหนังสือชี้ชวน (ไฟลิ่ง) ต่อสำนักงานคณะกรรมการกำกับหลักทรัพย์และตลาดหลักทรัพย์ (ก.ล.ต.) เพื่อเส...
 ","

9 พฤษภาคม 2022 ",11/15/2022
"
‘SCGP’ มั่นใจรายได้ปีนี้เกินเป้าหมายที่ 1.4 แสนล้านบาท ชี้สงคราม-โควิด เร่งความต้องการบรรจุภัณฑ์เพิ่มทั่วโลก ","
เอสซีจี แพคเกจจิ้ง หรือ SCGP มั่นใจรายได้ปีนี้เกินกว่าเป้าหมายที่ 1.4 แสนล้านบาท รับอานิสงส์ความต้องการบรรจุภัณฑ์สูงขึ้นทั้งในอาเซียนและยุโรป หลังเผชิญภาวะสงครามและสถานการณ์โควิดที่ยังไม่คลี่คลายเต็มที่ ยันปีนี้ทุ่ม 1.5 หมื่นล้านบาท ซื้อกิจการและเข้าเป็นพันธมิตรธุรกิจต้นน้ำในต่างประเทศเพื่อสร้าง Synergy
 
วิชาญ จิตร์ภักดี ประธานเจ้าหน้าท...
","

26 เมษายน 2022 ",11/15/2022
"
‘พาณิชย์’ เผยส่งออกเดือน มี.ค. โต 19.5% มูลค่าพุ่งสูงสุดในรอบ 30 ปี ","
วันนี้ (26 เมษายน) กระทรวงพาณิชย์เปิดเผยตัวเลขการส่งออกเดือนมีนาคม 2565 ขยายตัวได้ 19.5% คิดเป็นมูลค่ารวมเกือบ 2.9 หมื่นล้านดอลลาร์สหรัฐ หรือ 9.2 แสนล้านบาท ถือว่ามูลค่าการส่งออกสูงที่สุดในรอบ 30 ปี
 
จุรินทร์ ลักษณวิศิษฏ์ รองนายกรัฐมนตรี และรัฐมนตรีว่าการกระทรวงพาณิชย์ แถลงข่าวภาวะการค้าระหว่างประเทศเดือนมีนาคม 2565 และไตรมาสแรกของปี 25...
","

26 เมษายน 2022 ",11/15/2022
"
11 เมษายน 2022 – วันสัตว์เลี้ยง (Pet Day) ","
ศูนย์วิจัยกสิกรไทยรายงานว่า ท่ามกลางสถานการณ์การแพร่ระบาดของโควิดทั่วโลกที่รุนแรงและยืดเยื้อ ส่งผลให้หลายธุรกิจได้รับผลกระทบอย่างหนักและต้องปิดกิจการจำนวนมาก อย่างไรก็ดี ยังมีธุรกิจที่เติบโตสวนทางกับสภาพเศรษฐกิจปัจจุบัน คือ ธุรกิจส่งออกอาหารสัตว์เลี้ยง ซึ่งได้รับอานิสงส์จากโควิดที่มาเปลี่ยนวิถีชีวิตของคนทั่วโลกอย่างชัดเจน (New Normal) ทำให้คนส่วนให...
","

11 เมษายน 2022 ",11/15/2022
"
ศูนย์วิจัยกสิกรไทยหั่นคาดการณ์ส่งออกไทยปีนี้เหลือโต 3.4% หลังเผชิญแรงกดดันจากสงครามรัสเซีย-ยูเครน ","
‘กสิกรไทย’ ปรับลดประมาณการส่งออกไทยปี 2565 จาก 4.3% เหลือ 3.4% หลังเผชิญแรงกดดันจากสงครามรัสเซีย-ยูเครน ชี้หากการเจรจาระหว่างรัสเซีย-ยูเครน สามารถมีข้อตกลงได้เร็วกว่าที่คาดอาจมีโอกาสโตได้ 3.7%
 
ศูนย์วิจัยกสิกรไทยประเมินว่า การประกาศห้ามและลดการนำเข้าพลังงานจากรัสเซียของสหรัฐฯ และสหภาพยุโรป รวมถึงการใช้มาตรการตอบโต้ด้วยการห้ามส่งออกสินค้...
","

29 มีนาคม 2022 ",11/15/2022
"
TU ยอมรับขยับราคาสินค้าขึ้นแล้ว 5-7% จากพิษเงินเฟ้อพุ่ง เดินหน้าใช้นวัตกรรมต่อยอดธุรกิจ ดันรายได้ปีนี้โต 5% ตามเป้า ","
บมจ.ไทยยูเนี่ยน กรุ๊ป หรือ TU เผยตั้งแต่ต้นปีจนปัจจุบันได้ปรับขึ้นราคาสินค้าไปแล้ว 5-7% เพื่อรับมือกับความเสี่ยงด้านเงินเฟ้อที่เพิ่มขึ้นตามราคาน้ำมัน ซึ่งส่งผลกระทบต่อต้นทุนการผลิต พร้อมเปิดแผนธุรกิจปีนี้ เน้นนำนวัตกรรมต่อยอดธุรกิจและสร้างมูลค่าเพิ่มให้กับสินค้า เพื่อผลักดันให้รายได้รวมเติบโตได้ตามเป้าหมายที่ 5% พร้อมจัดสรรงบลงทุน 6,000 ล้านบาท ลุย...
","

23 มีนาคม 2022 ",11/15/2022
"
สำรวจ ‘7 หุ้น IPO’ จ่อเข้าเทรดภายในครึ่งปีแรก นักลงทุนรายใหญ่มองกระแส IPO สดใสตามตลาดหุ้น แต่ขอดูพื้นฐานระยะยาว ","
กระแสหุ้น IPO ปี 2565 ยังสดใสต่อเนื่องหลังจากที่มีหุ้นเข้าซื้อขายใน SET และ mai ไปแล้ว 4 บริษัทตั้งแต่ต้นปีจนถึงปัจจุบัน และยังมีหลายบริษัทที่อยู่ระหว่างเตรียมตัวเพื่อเสนอขายหุ้น IPO เพื่อเข้าซื้อขายในตลาดหลักทรัพย์ โดย THE STANDARD WEALTH สำรวจพบว่า ภายในครึ่งปีแรกปี 2565 น่าจะมีหุ้น IPO เสนอขายหุ้นและเข้าจดทะเบียนประมาณ 7 บริษัท 
 
...
","

15 กุมภาพันธ์ 2022 ",11/15/2022
"
‘พาณิชย์’ คาดไทยส่งออกไปซาอุปีนี้เฉียด 5.5 หมื่นล้าน โต 6.2% หลังฟื้นความสัมพันธ์ทางการทูต มองระยะยาวมีลุ้นทะลุแสนล้าน ","
รณรงค์ พูลพิพัฒน์ ผู้อำนวยการสำนักงานนโยบายและยุทธศาสตร์การค้า (สนค.) เปิดเผยว่า สนค. ได้ศึกษาโอกาสการส่งออกสินค้าไปตลาดซาอุดีอาระเบีย หลังมีการฟื้นความสัมพันธ์ทางการทูตระหว่างกัน โดยคาดว่ามูลค่าการส่งออกของไทยไปซาอุดีอาระเบียจะสามารถกลับไปเหนือระดับ 1 แสนล้านบาทได้ในระยะยาว และคาดการณ์ว่าในปี 2565 มูลค่าการค้ารวมระหว่าง 2 ประเทศจะอยู่ที่ประมาณ 280...
","

7 กุมภาพันธ์ 2022 ",11/15/2022
"
‘พาณิชย์’ เผย ส่งออกปี 64 โตทะลุเป้าที่ 17.1% คาดปีนี้ยังเป็นบวกอีก 3-4% เตรียมผลักดัน Soft Power นำรายได้เข้าประเทศ ","
จุรินทร์ ลักษณวิศิษฏ์ รองนายกรัฐมนตรีและรัฐมนตรีว่าการกระทรวงพาณิชย์ เปิดเผยว่า ภาพรวมการส่งออกของไทยในปี 2564 สามารถขยายตัวได้ถึง 17.1% สูงเกินเป้าที่กำหนดไว้ที่ 4% คิดเป็นมูลค่าส่งออกรวมที่ 271,173.5 ล้านดอลลาร์ หรือ 8,542,103 ล้านบาท 
 
ทั้งนี้ หากแยกตามประเภทสินค้า 3 หมวดสำคัญ พบว่า หมวดสินค้าเกษตรเป็นบวกรวม 23.5% คิดเป็น 819,8...
","

21 มกราคม 2022 ",11/15/2022
"
กรมปศุสัตว์ เตรียมรับมือส่งออกเนื้อหมู หลังไทยพบ ASF ชี้ไม่กระทบมากนัก ส่วนหมูเป็นยังห้ามส่งออก 3 เดือน ","
วันนี้ (17 มกราคม) นส.พ.สรวิศ ธานีโต อธิบดีกรมปศุสัตว์ กล่าวว่า หลังจากที่มีการประกาศโรค ASF ในสุกรในประเทศไทย และได้รายงานไปองค์การสุขภาพสัตว์โลก (OIE) เมื่อวันที่ 14 มกราคม 2565 เพื่อเป็นการเตรียมความพร้อมและรับมือผลกระทบด้านการส่งออกเนื้อสุกรและผลิตภัณฑ์ หลังการประกาศพบเชื้อ ASF ในสุกรในประเทศไทย จึงได้สั่งการให้หน่วยงานที่เกี่ยวข้อง ศึกษาถึงผลก...
","

17 มกราคม 2022 ",11/15/2022
"
เจาะเทรนด์หุ้น IPO ปี 2565: จับตา Spin-off-หุ้นใหญ่-หุ้นในกระแส New Economy ","
สรุปข้อมูลหุ้น IPO ปี 2564 มีจำนวนบริษัทที่เสนอขายหุ้น IPO ทั้งหมด 38 บริษัท (เฉพาะหุ้นสามัญ) แบ่งเป็นเข้าตลาด SET 20 บริษัท และ mai 18 บริษัท 
 
หุ้นที่มีมูลค่าระดมทุนสูงสุด 5 อันดับแรก คือ 
OR มูลค่าระดมทุน 46,980 ล้านบาท 
TIDLOR มูลค่าระดมทุน 7,694.81 ล้านบาท
ONEE มูลค่าระดมทุน 4,048.13 ล้านบาท
BRI มูล...
","

9 มกราคม 2022 ",11/15/2022
"
‘พาณิชย์’ เผยส่งออกเดือน พ.ย. โต 24.7% รับอานิสงส์เศรษฐกิจโลกฟื้นตัว-เงินบาทอ่อน คาดทั้งปีขยายตัว 15-16% สูงสุดในรอบ 12 ปี ","
จุรินทร์ ลักษณวิศิษฏ์ รองนายกรัฐมนตรี และรัฐมนตรีว่าการกระทรวงพาณิชย์ เปิดเผยว่า ในเดือนพฤศจิกายนที่ผ่านมา การส่งออกไทยมีมูลค่ารวมที่ 23,647 ล้านดอลลาร์ หรือ 7.83 แสนล้านบาท ขยายตัว 24.7% จากช่วงเดียวกันของปีก่อน ส่งผลให้ตัวเลขการส่งออก 11 เดือนของไทยมีมูลค่ารวม 246,243 ล้านดอลลาร์ หรือ 7.73 ล้านล้านบาท เป็นบวก 11 เดือนที่ 16.4%
 
โดย 5 ...
","

20 ธันวาคม 2021 ",11/15/2022
"
นายกฯ หนุน ‘ทีมไทยแลนด์’ เร่งใช้ประโยชน์จากข้อตกลง RCEP และ FTA ผลักดันส่งออก หลังเศรษฐกิจโลกส่งสัญญาณฟื้นชัด ","
ธนกร วังบุญคงชนะ โฆษกประจำสำนักนายกรัฐมนตรี เปิดเผยว่า พล.อ. ประยุทธ์ จันทร์โอชา นายกรัฐมนตรี และ รมว.กลาโหม ได้สั่งการให้ ‘ทีมไทยแลนด์’ ซึ่งประกอบด้วย กระทรวงพาณิชย์ กระทรวงการต่างประเทศ และส่วนราชการไทยทุกแห่ง เร่งขับเคลื่อนการส่งออกในช่วงที่เหลือของปี ผ่านยุทธศาสตร์ต่างๆ เช่น การผลักดันการส่งออกมันสำปะหลังไทยภายใต้ยุทธศาสตร์มันสำปะหลังไทยปี 2564...
","

23 พฤศจิกายน 2021 ",11/15/2022
"
TU รายงานกำไร 3Q64 ต่ำกว่าคาด จากอัตรากำไรที่อ่อนแอ เพราะการปิดโรงงานในไทยชั่วคราวช่วงโควิดระบาด ","
เกิดอะไรขึ้น:
วานนี้ (8 พฤศจิกายน) บมจ.ไทยยูเนี่ยน กรุ๊ป (TU) รายงานกำไร 3Q64 ที่ 1.9 พันล้านบาท ลดลง 6%YoY และลดลง 17%QoQ หากตัดกำไรพิเศษจำนวน 399 ล้านบาทออกไป (กำไรจากอัตราแลกเปลี่ยน 330 ล้านบาท และเงินประกันจากเหตุเพลิงไหม้โรงงานในแคนาดา 63 ล้านบาท) กำไรปกติ 3Q64 จะอยู่ที่ 1.5 พันล้านบาท ลดลง 29%YoY และ 33%QoQ โดยกำไรปกติที่หดตัวลงเกิดจากอัตร...
","

9 พฤศจิกายน 2021 ",11/15/2022
"
ส่งออกไทยเดือน ก.ย. ขยายตัว 17.1% อานิสงส์เศรษฐกิจคู่ค้าฟื้นตัว-บาทอ่อน คาดไตรมาส 4 โตต่อเนื่อง ","
จุรินทร์ ลักษณวิศิษฏ์ รองนายกรัฐมนตรีและรัฐมนตรีว่าการกระทรวงพาณิชย์ เปิดเผยว่า ในเดือนกันยายนที่ผ่านมา การส่งออกไทยมีมูลค่ารวมที่ 23,036 ล้านดอลลาร์ หรือราว 7.6 แสนล้านบาท เพิ่มขึ้น 17.1% จากช่วงเดียวกันของปีก่อน และหากตัดสินค้าที่เกี่ยวข้องกับน้ำมัน ทองคำ และยุทธปัจจัย พบว่าการส่งออกของไทยในเดือนดังกล่าวขยายตัวได้ 14.8%
 
โดยเหตุผลสำคั...
","

26 ตุลาคม 2021 ",11/15/2022
"
TU-แนวโน้มกำไรสุทธิ 3Q64 เติบโตทั้ง YoY และ QoQ หนุนจากเงินบาทอ่อนค่า แต่กำไรปกติ 3Q64 อ่อนตัวลงจาก SG&A และส่วนแบ่งกำไรที่แย่ลง ","
เกิดอะไรขึ้น:
SCBS ได้จัดทำบทวิเคราะห์พรีวิวผลประกอบการ 3Q64 ของ บมจ.ไทยยูเนี่ยน กรุ๊ป (TU) ซึ่งคาดว่าจะประกาศวันที่ 8 พฤศจิกายน 2564
 
กระทบอย่างไร:
ในช่วง 1 เดือนที่ผ่านมา ราคาหุ้น TU ปรับตัวลดลง 2.8%MoM สู่ระดับ 20.80 บาท ขณะที่ SET Index ที่ปรับตัวลง 0.1%MoM สู่ระดับ 1,639.41 จุด (ข้อมูล ณ วันที่ 8 ตุลาคม 2564)
 
มุม...
","

8 ตุลาคม 2021 ",11/15/2022
"
NRF รุกอุตสาหกรรมอาหารสัตว์ที่กำลังเติบโตดี โดยเข้าลงทุน 66.7% ในโบทานีสตูดิโอ มูลค่า 36 ลบ. ","
เกิดอะไรขึ้น:
วันนี้ (27 กันยายน) บมจ.เอ็นอาร์ อินสแตนท์ โปรดิวซ์ (NRF) ประกาศเข้าซื้อหุ้น 66.7% ในโบทานีสตูดิโอ มูลค่า 36 ล้านบาท (ผ่านทางบริษัท ซิตี้ฟูด จำกัด ซึ่งเป็นบริษัทย่อยของ NRF) โดยคาดว่าธุรกรรมจะแล้วเสร็จใน 4Q64 
 
โดยโบทานีสตูดิโอดำเนินธุรกิจการตลาด จัดจำหน่าย และขายส่งอาหารสัตว์เลี้ยงในประเทศไทย ภายใต้แบรนด์ Katty Boss...
","

27 กันยายน 2021 ",11/15/2022
"
TU ซื้อหุ้น 10% ใน RBF เพื่อร่วมมือเป็นพันธมิตรทางธุรกิจ คาดช่วยหนุนผลประกอบการมากขึ้นในระยะกลาง-ยาว ","
เกิดอะไรขึ้น:
วานนี้ (20 กันยายน 2564) บมจ.ไทยยูเนี่ยนฟู้ด กรุ๊ป (TU) ได้แจ้งต่อตลาดหลักทรัพย์แห่งประเทศไทยเกี่ยวกับแผนการได้มาซึ่งหุ้น 10% ในบมจ.อาร์ แอนด์ บี ฟู้ด ซัพพลาย (RBF) โดยมีวัตถุประสงค์การลงทุนครั้งนี้คือสร้างโอกาสและความเติบโตให้กับบริษัทในส่วนธุรกิจส่วนผสมในอาหาร โดยเฉพาะตลาดผู้บริโภคในอาเซียนที่ต้องการสินค้าที่มีความซับซ้อนมากขึ้น แล...
","

21 กันยายน 2021 ",11/15/2022
"
‘TU’ ทุ่ม 3 พันล้านบาท ซื้อหุ้น ‘RBF’ 10% หวังสร้างซินเนอร์จีธุรกิจส่วนผสมในอาหาร รองรับตลาดอาเซียน ","
บมจ.ไทยยูเนี่ยน กรุ๊ป หรือ TU ทุ่มเงิน 3 พันล้านบาท ซื้อหุ้น บมจ.อาร์ แอนด์ บี ฟู้ด ซัพพลาย หรือ RBF 10% จากผู้ถือหุ้นรายใหญ่ 2 ราย เตรียมทำรายการในกระดานบิ๊กล็อตวันนี้ เพื่อสร้างซินเนอร์จีร่วมกันในธุรกิจส่วนผสมในอาหาร รองรับการขยายธุรกิจในตลาดอาเซียน 
 
ธีรพงศ์ จันศิริ ประธานเจ้าหน้าที่บริหาร TU แจ้งตลาดหลักทรัพย์ว่า คณะกรรมการบริห...
","

20 กันยายน 2021 ",11/15/2022
"
TU เผยศักยภาพการเติบโตกลุ่มธุรกิจอาหารสัตว์ ได้แรงหนุนจากอุปสงค์ทั่วโลกที่แข็งแกร่งและนวัตกรรมของบริษัท ","
เกิดอะไรขึ้น:
เมื่อวานนี้ (7 กันยายน) บริษัท ไทยยูเนี่ยน กรุ๊ป จำกัด (มหาชน) หรือ TU ได้อัปเดตแนวโน้มศักยภาพการเติบโตของธุรกิจอาหารสัตว์เลี้ยง โดยได้รับการสนับสนุนจากอุปสงค์ทั่วโลกที่เติบโตอย่างแข็งแกร่งและจุดแข็งที่สำคัญของบริษัทในด้านนวัตกรรมผลิตภัณฑ์และการบูรณาการในแนวดิ่ง นอกจากนี้ TU ยังมีแผนนำกลุ่มธุรกิจ Global Petcare เข้าจดทะเบียนในตลาดหลั...
","

8 กันยายน 2021 ",11/15/2022
"
TU รายงานกำไร 2Q64 ดีกว่าคาด พร้อมคงเป้ายอดขายปี 2564 ที่เติบโต 3-5% แต่ปรับเป้าอัตรากำไรขึ้น ","
เกิดอะไรขึ้น:
เมื่อวานนี้ (9 สิงหาคม) บมจ.ไทยยูเนี่ยน กรุ๊ป (TU) รายงานกำไร 2Q64 ที่ 2.34 พันล้านบาท เพิ่มขึ้น 37%YoY และ 30%QoQ หากตัดรายการพิเศษจำนวน 62 ล้านบาทออกไป กำไรปกติ 2Q64 จะอยู่ที่ 2.28 พันล้านบาท เพิ่มขึ้น 50%YoY และ 28%QoQ ดีกว่าตลาดคาด ซึ่งเกิดจากยอดขายและอัตรากำไรที่สูงกว่าคาด
 
โดยยอดขาย 2Q64 เพิ่มขึ้น 9%YoY ซึ่งการเติบโ...
","

10 สิงหาคม 2021 ",11/15/2022
"
‘TU’ โชว์กำไรครึ่งปีแรก 4 พันล้านบาท โต 51.7% อานิสงส์ตลาดหลักเปิดประเทศ-ความต้องการพุ่ง ประกาศปันผลระหว่างกาล 0.45 บาทต่อหุ้น ","
บมจ.ไทยยูเนี่ยน กรุ๊ป หรือ TU รายงานผลการดำเนินงานไตรมาส 2/64 มียอดขายอยู่ที่ 35,883 ล้านบาท เพิ่มขึ้น 8.6% จากปีก่อนหน้า โดย TU ทำสถิติมีกำไรสุทธิอยู่ที่ 2,343 ล้านบาท เพิ่มขึ้น 36.5% เมื่อเทียบกับไตรมาสเดียวกันของปี 2563 และมีอัตรากำไรขั้นต้นอยู่ที่ระดับ 19%
 
ในช่วงไตรมาส 2 ของปี ตลาดหลักๆ ได้แก่ ผู้บริโภคในสหรัฐอเมริกาและบางประเทศในท...
","

9 สิงหาคม 2021 ",11/15/2022
"
TU – แนวโน้มกำไรปกติ 2Q64 เติบโตทั้ง YoY และ QoQ จากผลการดำเนินงาน Red Lobster ที่ดีขึ้น และปัจจัยฤดูกาล ","
เกิดอะไรขึ้น:
SCBS ได้จัดทำบทวิเคราะห์พรีวิวผลประกอบการ 2Q64 ของ บมจ.ไทยยูเนี่ยน กรุ๊ป (TU) ซึ่งคาดว่าจะประกาศผลประกอบการวันที่ 9 สิงหาคม 2564
 
กระทบอย่างไร:
ในช่วง 1 เดือนที่ผ่านมาราคาหุ้น TU ปรับตัวขึ้น 22.8%MoM สู่ระดับ 22.10 บาท สวนทาง SET Index ที่ปรับตัวลง 4.6%MoM สู่ระดับ 1,552.09 จุด (ข้อมูล ราคา ณ วันที่ 9 กรกฎาคม 2564)
&nbs...
","

9 กรกฎาคม 2021 ",11/15/2022
"
ส่งออกไทยเดือน พ.ค. โตแรง 41% สูงสุดรอบ 11 ปี อานิสงส์เศรษฐกิจโลกฟื้น เร่งเดินหน้าแก้ปมตู้คอนเทนเนอร์ขาดแคลน ","
การส่งออกไทยเดือนพฤษภาคม 2564 ยังคงฟื้นตัวได้อย่างแข็งแกร่ง โดยขยายตัวได้ถึง 41.59% เมื่อเทียบกับช่วงเดียวกันของปีก่อน (YoY) ซึ่งถือเป็นการขยายตัวสูงสุดในรอบ 11 ปี
 
จุรินทร์ ลักษณวิศิษฏ์ รองนายกรัฐมนตรี และรัฐมนตรีว่าการกระทรวงพาณิชย์ กล่าวว่า ในเดือนพฤษภาคมที่ผ่านมาการส่งออกไทยมีมูลค่ารวมที่ 23,057 ล้านดอลลาร์ หรือราว 7.14 แสนล้านบาท เ...
","

24 มิถุนายน 2021 ",11/15/2022
"
‘ส่งออกไทย’ เดือนเมษายน หลังหักน้ำมัน ทองคำ และยุทธปัจจัย ขยายตัวถึง 25% อานิสงส์เศรษฐกิจโลกฟื้น ","
การส่งออกไทยเดือนเมษายน 2564 ยังคงฟื้นตัวได้อย่างแข็งแกร่ง โดยขยายตัวถึง 13.09% เมื่อเทียบกับช่วงเดียวกันของปีก่อน (YoY) ซึ่งถือเป็นการขยายตัวสูงสุดในรอบ 36 เดือน หรือราวๆ 3 ปี และยังมีมูลค่าการส่งออกที่สูงกว่าระดับ 2 หมื่นล้านดอลลาร์ได้ต่อเนื่องเป็นเดือนที่ 3 
 
ภูสิต รัตนกุล เสรีเริงฤทธิ์ ผู้อำนวยการสำนักงานนโยบายและยุทธศาสตร์การค...
","

25 พฤษภาคม 2021 ",11/15/2022
"
ส่งออกไทยเดือน มี.ค. 64 บวก 8.47% สูงสุดในรอบ 28 เดือน ","
กระทรวงพาณิชย์เปิดเผยว่า เดือนมีนาคมที่ผ่านมา การส่งออกไทยมูลค่า 24,222 ล้านดอลลาร์สหรัฐ เติบโต 8.47% จากช่วงเดียวกันของปีก่อน สาเหตุหลักมาจากเศรษฐกิจโลก และประเทศคู่ค้าปรับตัวดีขึ้น 
 
การส่งออกไทยเมื่อหักสินค้าเกี่ยวเนื่องกับน้ำมัน ทองคำ และยุทธปัจจัย ขยายตัว 11.97% 
 
ด้านการนำเข้า มีมูลค่า 23,511.65 ล้านดอลลาร์สห...
","

23 เมษายน 2021 ",11/15/2022
"
TU-แนวโน้มธุรกิจอาหารทะเลจะกลับสู่ภาวะปกติใน 1Q64 ","
เกิดอะไรขึ้น:
SCBS ได้ทำพรีวิวผลประกอบการ 1Q64 ของ บมจ.ไทยยูเนี่ยน กรุ๊ป (TU) ซึ่งคาดว่าจะประกาศผลประกอบการในวันที่ 10 พฤษภาคม 2564
 
กระทบอย่างไร:
ในช่วง 1 วันที่ผ่านมา ราคาหุ้น TU ปรับตัวลง 2.7%MoM สู่ระดับ 14.30 บาท เทียบกับ SET Index ที่ปรับตัวลง 1.7%MoM สู่ระดับ 1,541.12 จุด (ข้อมูล ณ วันที่ 12 เมษายน 2564)
 
มุมมองระยะสั้น...
","

12 เมษายน 2021 ",11/15/2022
"
พาณิชย์เผย ส่งออกไทย ก.พ. หดตัว 2.59% แต่มีทิศทางฟื้นตัวจากการค้าโลกที่ขยายตัว ","
ภูสิต รัตนกุล เสรีเริงฤทธิ์ ผู้อำนวยการสำนักงานนโยบายและยุทธศาสตร์การค้า (สนค.) เปิดเผยว่า การส่งออกไทยเดือนกุมภาพันธ์ 2564 อยู่ที่ 20,219 ล้านดอลลาร์สหรัฐ หดตัว 2.59% จากช่วงเดียวกันของปีก่อน ส่วนการนำเข้ามีมูลค่า 20,211.76 ล้านดอลลาร์สหรัฐ ขยายตัว 21.99% ทำให้ในเดือนนี้มีดุลการค้าเกินดุล 7.25 ล้านดอลลาร์สหรัฐ
 
ทั้งนี้ ช่วง 2 เดือนแรกข...
","

25 มีนาคม 2021 ",11/15/2022
"
TU รายงานกำไร 4Q63 เติบโต YoY ตามคาด หนุนจากรายได้อาหารทะเลแปรรูปที่แข็งแกร่ง ","
เกิดอะไรขึ้น:
เมื่อวานนี้ (22 กุมภาพันธ์) บมจ. ไทยยูเนี่ยน (TU) รายงานกำไรสุทธิ 4Q63 ที่ 1.46 พันล้านบาท เพิ่มขึ้น 38%YoY แต่ลดลง 29%QoQ ใกล้เคียงกับที่ตลาดคาด หากตัดรายการพิเศษออกไปกำไรปกติ 4Q63 จะอยู่ที่ 1.5 พันล้านบาท เพิ่มขึ้น 26%YoY แต่ลดลง 30%QoQ โดยกำไรปกติที่เติบโต YoY ได้รับการสนับสนุนจากผลการดำเนินงานของธุรกิจอาหารทะเลแปรรูปที่แข็งแกร่ง...
","

23 กุมภาพันธ์ 2021 ",11/15/2022
"
‘พาณิชย์’ เผยส่งออกไทยเดือน ธ.ค. พลิกเติบโต 4.71% สูงสุดรอบ 22 เดือน พบสัญญาณภาคการผลิตโลกเริ่มฟื้นตัว ","
สำนักงานนโยบายและยุทธศาสตร์การค้า กระทรวงพาณิชย์ เปิดเผยตัวเลขการส่งออกไทยเดือนธันวาคม 2563 พบว่า กลับมาขยายตัวที่ 4.71% ซึ่งถือเป็นการขยายตัวครั้งแรกในรอบ 8 เดือน และยังเป็นอัตราการเติบโตที่สูงสุดในรอบ 22 เดือน แม้ว่าจะมีการแพร่ระบาดของโรคโควิด-19 ระลอกสอง แต่หลายประเทศมีการบริหารจัดการที่ดี พร้อมทั้งประกาศใช้มาตรการล็อกดาวน์เป็นบางพื้นที่ ทำให้ภา...
","

22 มกราคม 2021 ",11/15/2022
"
‘พาณิชย์’ มองบวก กรณีอังกฤษ-EU เจรจาการค้าสำเร็จ ชี้ผู้ส่งออกไทยมีลิสต์สินค้าปลอดภาษีเพิ่ม 732 รายการ ","
พิมพ์ชนก วอนขอพร ผู้อำนวยการสำนักงานนโยบายและยุทธศาสตร์การค้า (สนค.) กล่าวว่า สถานการณ์ Brexit ปัจจุบัน ทั้งสหราชอาณาจักรและสหภาพยุโรป (EU) บรรลุข้อตกลงการค้าและความร่วมมือ (EU-UK Trade and Cooperation Agreement) ระหว่างกัน เมื่อวันที่ 24 ธันวาคม 2020 ผ่านการลงนามข้อตกลงการค้าฯ ทั้งสองฝ่ายขณะนี้อยู่ระหว่างรอการให้สัตยาบันจากรัฐสภายุโรป ซึ่งคาดว่าจะ...
","

11 มกราคม 2021 ",11/15/2022
"
สศค. เผยเศรษฐกิจไทยเดือน พ.ย. ‘ดีขึ้น’ หลังส่งออกฟื้น – ‘คนละครึ่ง’ หนุนการใช้จ่าย ","
สำนักงานเศรษฐกิจการคลัง (สศค.) กระทรวงการคลัง เผยเศรษฐกิจไทยเดือนพฤศจิกายน 2563 ปรับดีขึ้นจากเดือนก่อน หลังส่งออกติดลบน้อยลง รัฐออกมาตรการเราเที่ยวด้วยกัน-ช้อปดีมีคืน-คนละครึ่ง หนุนใช้จ่ายเอกชน
 
วุฒิพงศ์ จิตตั้งสกุล ที่ปรึกษาด้านเศรษฐกิจการคลัง ในฐานะรองโฆษกสำนักงานเศรษฐกิจการคลัง (สศค.) กระทรวงการคลัง เปิดเผยว่า เศรษฐกิจไทยเดือนพฤศจิกา...
","

28 ธันวาคม 2020 ",11/15/2022
"
‘พาณิชย์’ เผยส่งออก พ.ย. หดตัว 3.65% คาดทั้งปีติดลบไม่เกิน 7% ประเมินปีหน้ากลับมาโต​ 4% ","
พาณิชย์ เผยส่งออกพฤศจิกายนติดลบ 3.65% ด้านนำเข้าลบ 0.99% เริ่มเห็นสัญญาณดีขึ้น ด้านระบาดโควิด-19 รอบใหม่ เชื่อไม่ล็อกดาวน์ทั้งประเท​ศ พร้อมมั่นใจทั้งปีติดลบไม่เกิน 7% ด้านปี 2564 คาดโต 4%
 
พิมพ์ชนก วอนขอพร ผู้อำนวยการสำนักงานนโยบายและยุทธศาสตร์การค้า กระทรวงพาณิชย์ เปิดเผยว่า การส่งออกของไทยในเดือนพฤศจิกายนมีมูลค่า 18,932.66 ล้านดอลลาร์...
","

23 ธันวาคม 2020 ",11/15/2022
"
ความท้าทายของ ‘เนสท์เล่’ กับการลงทุนครั้งใหญ่ 4.5 พันล้าน ขยาย 3 โรงงานขานรับพฤติกรรมผู้บริโภคยุคใหม่หลังโควิด-19 [PR News] ","
ช่วงที่มีการแพร่ระบาดของโรคโควิด-19 ธุรกิจ FMCG (Fast Moving Consumer Goods) ก็ได้รับผลกระทบไม่น้อย ผู้ผลิตอาหารและเครื่องดื่มรายใหญ่ที่สุดของโลกอย่างเนสท์เล่ (Nestlé) เองก็เช่นกัน ส่วนใหญ่ผลิตภัณฑ์ที่ใช้บริโภคนอกบ้าน เช่น น้ำดื่ม ขนม และไอศกรีม จะได้รับผลกระทบตามสถานการณ์ แต่ในทางกลับกัน ผลิตภัณฑ์ประเภทที่ใช้บริโภคในบ้าน เช่น กาแฟ ซอสปรุงรส และนม ...
","

2 ธันวาคม 2020 ",11/15/2022
"
คลังชี้ เศรษฐกิจไทย ต.ค. 63 ทรงตัวจากเดือนก่อน บริโภคเอกชน-ส่งออกชะลอตัว ","
วุฒิพงศ์ จิตตั้งสกุล ที่ปรึกษาด้านเศรษฐกิจการคลัง ในฐานะรองโฆษกสำนักงานเศรษฐกิจการคลัง กล่าวว่า เศรษฐกิจไทยในเดือนตุลาคม 2563 ทรงตัวจากเดือนก่อนหน้า แต่ยังคงอยู่ในทิศทางของการฟื้นตัวทางเศรษฐกิจในภาพรวม ขณะที่ดัชนีความเชื่อมั่นทางเศรษฐกิจต่างๆ ปรับตัวดีขึ้นต่อเนื่อง จากมาตรการฟื้นฟูเศรษฐกิจในช่วงปลายปี
 
ทั้งนี้ เครื่องชี้เศรษฐกิจด้านการบ...
","

27 พฤศจิกายน 2020 ",11/15/2022
"
‘พาณิชย์’ เผยส่งออก 10 เดือนแรกปี 2563 ติดลบ 7.26% ชี้ 3 กลุ่มหลัก ‘อาหาร-WFH-สินค้ากันโควิด-19’ ยังเติบโต ","
พิมพ์ชนก วอนขอพร ผู้อำนวยการสำนักงานนโยบายและยุทธศาสตร์การค้า (สนค.) กระทรวงพาณิชย์ กล่าวว่า ภาพรวมการส่งออกไทยเดือนตุลาคม 2563 มีมูลค่า 19,376.68 ล้านดอลลาร์สหรัฐ หดตัว 6.71% ขณะที่ 10 เดือนแรก (มกราคม ถึง ตุลาคม) ปี 2563 การส่งออกไทยมีมูลค่า 192,372.77 ล้านดอลลาร์สหรัฐ หดตัว 7.26% ถือว่าหดตัวน้อยลงกว่าช่วงก่อนหน้า เพราะการค้าระหว่างประเทศของไทยฟื...
","

23 พฤศจิกายน 2020 ",11/15/2022
"
หุ้น TU ซื้อขายคึกคัก หลังรายงานกำไร 3Q63 โตดีเกินคาด ","
เกิดอะไรขึ้น:
บ่ายวานนี้ (4 พฤศจิกายน) บมจ.ไทยยูเนี่ยน กรุ๊ป (TU) รายงานกำไรสุทธิไตรมาส 3/63 ที่ 2.1 พันล้านบาท เพิ่มขึ้น 50%YoY และเพิ่มขึ้น 20%QoQ สูงกว่าตลาดคาดไว้ที่ 1.7 พันล้านบาท โดยกำไรสุทธิที่เติบโตอย่างก้าวกระโดด YoY มาจากยอดขายและอัตรากำไรที่ดีขึ้น
 
โดยยอดขายไตรมาส 3/63 เพิ่มขึ้น 9%YoY ซึ่งได้ปัจจัยสนับสนุนจากยอดขายในธุรกิจ...
","

5 พฤศจิกายน 2020 ",11/15/2022
"
JerHigh Meat as Meals อาหารสุนัขเม็ดนุ่มแบรนด์แรกในประเทศไทย ","
อาหารเม็ดสำหรับน้องสุนัขมีหลายเกรด การจะเลือกอาหารเม็ดให้น้องสุนัขต้องเลือกอาหารที่มีคุณภาพ
 
อาหารเม็ดที่มีคุณภาพ ต้องดูที่วัตถุดิบเป็นหลัก โปรตีน คือหัวใจสำคัญต่อการเจริญเติบโตและสุขภาพที่ดีของน้องสุนัข โปรตีนที่ดีต้องทำมาจากเนื้อสัตว์แท้ๆ เหมือนที่อาหารเม็ด JerHigh Meat as Meals ที่ทำมาจากเนื้อสัตว์แท้ มีเนื้อสัตว์สูงมากกว่า 50% ไม่มี...
","

6 ตุลาคม 2020 ",11/15/2022
"
คลังชี้ เศรษฐกิจไทยเดือนสิงหาคมยังชะลอตัว รับเครื่องชี้บริโภค-ลงทุนยังหดตัวเมื่อเทียบกับปีก่อน ","
วุฒิพงศ์ จิตตั้งสกุล ที่ปรึกษาด้านเศรษฐกิจการคลัง ในฐานะรองโฆษกสำนักงานเศรษฐกิจการคลัง กล่าวว่า ภาวะเศรษฐกิจการคลังเดือนสิงหาคม 2563 เศรษฐกิจไทยยังชะลอตัว แต่มีทิศทางปรับตัวดีขึ้นต่อเนื่องจากเดือนก่อนหน้า โดยเฉพาะการผลิตภาคอุตสาหกรรม เกษตรกรรม การส่งออกสินค้า และการบริโภคภาคเอกชน สอดคล้องกับดัชนีความเชื่อมั่นทางเศรษฐกิจต่างๆ และกิจกรรมทางเศรษฐกิจที...
","

28 กันยายน 2020 ",11/15/2022
"
พาณิชย์ชี้โควิด-19 กระทบการส่งออกไทยเดือน ก.พ. หดตัว 4.47% ","
วันนี้ (23 มีนาคม) สำนักงานนโยบายและยุทธศาสตร์การค้า กระทรวงพาณิชย์ เปิดเผยว่า สถานการณ์โควิด-19 ที่แพร่ระบาดส่งผลกระทบให้เศรษฐกิจและการค้าโลกชะงัก รวมถึงกระทบต่อเศรษฐกิจและการส่งออกของไทย ทำให้การส่งออกเดือนกุมภาพันธ์ 2563 มีมูลค่า 20,642 ล้านดอลลาร์สหรัฐ หดตัว 4.47% เมื่อเทียบกับเดือนเดียวกันของปีก่อน เป็นผลจากราคาน้ำมันที่ลดลง และฐานสูงของอาวุธใ...
","

23 มีนาคม 2020 ",11/15/2022
"
พาณิชย์ชี้ ส่งออกไทย ม.ค. 63 ในรูปเงินบาทหดตัว 4.63% ขาดดุลกว่า 5.6 หมื่นล้านบาท ","
สำนักงานนโยบายและยุทธศาสตร์การค้า กระทรวงพาณิชย์ เปิดเผยว่ามูลค่าการค้าในรูปของเงินบาท เดือนมกราคม 2563 การส่งออกไทยมีมูลค่า 587,494 ล้านบาท หดตัว 4.63% เมื่อเทียบกับเดือนเดียวกันของปีก่อน ในขณะที่การนำเข้ามีมูลค่า 643,511 ล้านบาท หดตัว 14.82% ส่งผลให้การค้าขาดดุล 56,017 ล้านบาท
 
ส่วนหนึ่งมาจากมูลค่าการส่งออกสินค้าเกษตรและอุตสาหกรรมเกษต...
","

24 กุมภาพันธ์ 2020 ",11/15/2022
"
ราคาหุ้น TU พุ่งทะยานสวนทางตลาดหุ้น หลังรายงานกำไร 4Q62 ดีกว่าคาด พร้อมประกาศจ่ายปันผล ","
เกิดอะไรขึ้น:
วานนี้ (17 กุมภาพันธ์) บมจ.ไทยยูเนี่ยน กรุ๊ป (TU) รายงานกำไรปกติของ 4Q62 ที่ 1.2 พันล้านบาท เพิ่มขึ้น 0.7% YoY สูงกว่าตลาดคาดไว้ที่ 1.07 พันล้านบาท ซึ่งเป็นผลมาจาก 1.อัตรากำไรขั้นต้น (Gross Margin) ที่ดีขึ้นในธุรกิจทูน่า ธุรกิจอาหารทะเลแช่แข็ง และธุรกิจแซลมอนและล็อบสเตอร์ และ 2.การควบคุมค่าใช้จ่ายขายและบริหาร (SG&A) ได้ดีขึ้น น...
","

18 กุมภาพันธ์ 2020 ",11/15/2022
"
นอกจากเงินเดือนกับโบนัสแล้ว บริษัทดีๆ เขาดูแลพนักงานกันอย่างไรบ้างคะ ","
Q: นอกจากเงินเดือนกับโบนัสแล้ว บริษัทดีๆ เจ๋งๆ เขาให้ผลประโยชน์พนักงานกันอย่างไรบ้างคะ
 
A: นอกจากการเติบโตในหน้าที่การงานแล้ว ผลประโยชน์ที่เราได้รับจากบริษัทเป็นอีกหนึ่งในสิ่งจูงใจให้เราอยากทำงาน รวมไปถึงเป็นหนึ่งในปัจจัยที่พนักงานใช้เพื่อพิจารณางานใหม่ บางคนอาจจะคิดว่าผลประโยชน์มีแต่เรื่องเงินเดือนและโบนัส แท้จริงแล้วผลประโยชน์ของพนัก...
","

27 กุมภาพันธ์ 2019 ",11/15/2022
"
คำถามเรื่องเงิน ที่จะให้คำตอบกับทุกช่วงของชีวิต ","
ส่งท้ายซีซันแรกของ The Money Case ด้วยการให้มันนี่โค้ชตอบคำถามที่น่าสนใจจากทางบ้าน ครอบคลุมตั้งแต่คำถามจากคนที่อยากเริ่มต้นเรื่องเงิน คนที่อยากให้แฟนหันมาสนใจเรื่องเงินเหมือนตัวเอง หรือเป็นโจทย์ยากของคนวัยเลข 5 ที่อยากมีเงินเก็บทันเกษียณ ไปจนถึงคำถามจากคนที่อยากสอนลูกเรื่องเงิน และมาดูกันว่า มันนี่โค้ชจะตอบอย่างไร เมื่อเจอคำถามใหญ่ของชีวิตอย่าง จะร...
","

14 พฤษภาคม 2018 ",11/15/2022
"
บ้านรู้ใจ: Prop Tech เทคโนโลยีอสังหาริมทรัพย์และที่อยู่อาศัยก้าวไกลแค่ไหน? ","
     ด้วยผลกระทบของ Digital Transformation ที่ก่อให้เกิดการเปลี่ยนแปลงในทุกภาคส่วนมาอย่างต่อเนื่อง ไม่เว้นแม้แต่แวดวงอสังหาริมทรัพย์ ทำให้ตั้งแต่ต้นปีที่ผ่านมา แวดวงอสังหาริมทรัพย์ในเมืองไทย รวมถึงผู้คนที่กำลังมองหาที่อยู่อาศัยกันอยู่น่าจะได้ยินคำว่า ‘Prop Tech’ กันบ่อยครั้งขึ้น
     ว่ากันว่าหลังจากที่ ‘FinTech’ ห...
","

15 กรกฎาคม 2017 ",11/15/2022
